case_id,ok,engine_type,alpha,mdot0,mdot_core,mdot_cool,mdot_fuel,pi_d,pi_bd,pi_c,pi_f,pi_t,Tt4,f,fcool,eta_t_eff,Twg_est,Vc_cool,Re_x_cool,area_ratio_cool,F_installed,eta0,fc,fail_reason
case_000000,0,,,,,,,,,,,,,,,,,,,,,,,'F'
case_000008,0,,,,,,,,,,,,,,,,,,,,,,,'F'
case_000016,0,,,,,,,,,,,,,,,,,,,,,,,'F'
case_000024,0,,,,,,,,,,,,,,,,,,,,,,,'F'
case_000032,0,,,,,,,,,,,,,,,,,,,,,,,'F'
case_000040,0,,,,,,,,,,,,,,,,,,,,,,,'F'
case_000048,0,,,,,,,,,,,,,,,,,,,,,,,'F'
case_000056,0,,,,,,,,,,,,,,,,,,,,,,,'F'
case_000064,0,,,,,,,,,,,,,,,,,,,,,,,'F'
case_000072,0,,,,,,,,,,,,,,,,,,,,,,,'F'
case_000080,0,,,,,,,,,,,,,,,,,,,,,,,'F'
case_000088,0,,,,,,,,,,,,,,,,,,,,,,,'F'
case_000096,0,,,,,,,,,,,,,,,,,,,,,,,'F'
case_000104,0,,,,,,,,,,,,,,,,,,,,,,,'F'
case_000112,0,,,,,,,,,,,,,,,,,,,,,,,'F'
case_000120,0,,,,,,,,,,,,,,,,,,,,,,,'F'
case_000128,0,,,,,,,,,,,,,,,,,,,,,,,'F'
case_000136,0,,,,,,,,,,,,,,,,,,,,,,,'F'
case_000144,0,,,,,,,,,,,,,,,,,,,,,,,'F'
case_000152,0,,,,,,,,,,,,,,,,,,,,,,,'F'
case_000160,0,,,,,,,,,,,,,,,,,,,,,,,'F'
case_000168,0,,,,,,,,,,,,,,,,,,,,,,,'F'
case_000176,0,,,,,,,,,,,,,,,,,,,,,,,'F'
case_000184,0,,,,,,,,,,,,,,,,,,,,,,,'F'
case_000192,0,,,,,,,,,,,,,,,,,,,,,,,'F'
case_000200,0,,,,,,,,,,,,,,,,,,,,,,,'F'
case_000208,0,,,,,,,,,,,,,,,,,,,,,,,'F'
case_000216,0,,,,,,,,,,,,,,,,,,,,,,,'F'
case_000224,0,,,,,,,,,,,,,,,,,,,,,,,'F'
case_000232,0,,,,,,,,,,,,,,,,,,,,,,,'F'
case_000240,0,,,,,,,,,,,,,,,,,,,,,,,'F'
case_000248,0,,,,,,,,,,,,,,,,,,,,,,,'F'
case_000256,0,,,,,,,,,,,,,,,,,,,,,,,'F'
case_000264,0,,,,,,,,,,,,,,,,,,,,,,,'F'
case_000272,0,,,,,,,,,,,,,,,,,,,,,,,'F'
case_000280,0,,,,,,,,,,,,,,,,,,,,,,,'F'
case_000288,0,,,,,,,,,,,,,,,,,,,,,,,'F'
case_000296,0,,,,,,,,,,,,,,,,,,,,,,,'F'
case_000304,0,,,,,,,,,,,,,,,,,,,,,,,'F'
case_000312,0,,,,,,,,,,,,,,,,,,,,,,,'F'
case_000320,0,,,,,,,,,,,,,,,,,,,,,,,'F'
case_000328,0,,,,,,,,,,,,,,,,,,,,,,,'F'
case_000336,0,,,,,,,,,,,,,,,,,,,,,,,'F'
case_000344,0,,,,,,,,,,,,,,,,,,,,,,,'F'
case_000352,0,,,,,,,,,,,,,,,,,,,,,,,'F'
case_000360,0,,,,,,,,,,,,,,,,,,,,,,,'F'
case_000368,0,,,,,,,,,,,,,,,,,,,,,,,'F'
case_000376,0,,,,,,,,,,,,,,,,,,,,,,,'F'
case_000384,0,,,,,,,,,,,,,,,,,,,,,,,'F'
case_000392,0,,,,,,,,,,,,,,,,,,,,,,,'F'
case_000400,0,,,,,,,,,,,,,,,,,,,,,,,'F'
case_000408,0,,,,,,,,,,,,,,,,,,,,,,,'F'
case_000416,0,,,,,,,,,,,,,,,,,,,,,,,'F'
case_000424,0,,,,,,,,,,,,,,,,,,,,,,,'F'
case_000432,0,,,,,,,,,,,,,,,,,,,,,,,'F'
case_000440,0,,,,,,,,,,,,,,,,,,,,,,,'F'
case_000448,0,,,,,,,,,,,,,,,,,,,,,,,'F'
case_000456,0,,,,,,,,,,,,,,,,,,,,,,,'F'
case_000464,0,,,,,,,,,,,,,,,,,,,,,,,'F'
case_000472,0,,,,,,,,,,,,,,,,,,,,,,,'F'
case_000480,0,,,,,,,,,,,,,,,,,,,,,,,'F'
case_000488,0,,,,,,,,,,,,,,,,,,,,,,,'F'
case_000496,0,,,,,,,,,,,,,,,,,,,,,,,'F'
case_000504,0,,,,,,,,,,,,,,,,,,,,,,,'F'
case_000512,0,,,,,,,,,,,,,,,,,,,,,,,'F'
case_000520,0,,,,,,,,,,,,,,,,,,,,,,,'F'
case_000528,0,,,,,,,,,,,,,,,,,,,,,,,'F'
case_000536,0,,,,,,,,,,,,,,,,,,,,,,,'F'
case_000544,0,,,,,,,,,,,,,,,,,,,,,,,'F'
case_000552,0,,,,,,,,,,,,,,,,,,,,,,,'F'
case_000560,0,,,,,,,,,,,,,,,,,,,,,,,'F'
case_000568,0,,,,,,,,,,,,,,,,,,,,,,,'F'
case_000576,0,,,,,,,,,,,,,,,,,,,,,,,'F'
case_000584,0,,,,,,,,,,,,,,,,,,,,,,,'F'
case_000592,0,,,,,,,,,,,,,,,,,,,,,,,'F'
case_000600,0,,,,,,,,,,,,,,,,,,,,,,,'F'
case_000608,0,,,,,,,,,,,,,,,,,,,,,,,'F'
case_000616,0,,,,,,,,,,,,,,,,,,,,,,,'F'
case_000624,0,,,,,,,,,,,,,,,,,,,,,,,'F'
case_000632,0,,,,,,,,,,,,,,,,,,,,,,,'F'
case_000640,0,,,,,,,,,,,,,,,,,,,,,,,'F'
case_000648,0,,,,,,,,,,,,,,,,,,,,,,,'F'
case_000656,0,,,,,,,,,,,,,,,,,,,,,,,'F'
case_000664,0,,,,,,,,,,,,,,,,,,,,,,,'F'
case_000672,0,,,,,,,,,,,,,,,,,,,,,,,'F'
case_000680,0,,,,,,,,,,,,,,,,,,,,,,,'F'
case_000688,0,,,,,,,,,,,,,,,,,,,,,,,'F'
case_000696,0,,,,,,,,,,,,,,,,,,,,,,,'F'
case_000704,0,,,,,,,,,,,,,,,,,,,,,,,'F'
case_000712,0,,,,,,,,,,,,,,,,,,,,,,,'F'
case_000720,0,,,,,,,,,,,,,,,,,,,,,,,'F'
case_000728,0,,,,,,,,,,,,,,,,,,,,,,,'F'
case_000736,0,,,,,,,,,,,,,,,,,,,,,,,'F'
case_000744,0,,,,,,,,,,,,,,,,,,,,,,,'F'
case_000752,0,,,,,,,,,,,,,,,,,,,,,,,'F'
case_000760,0,,,,,,,,,,,,,,,,,,,,,,,'F'
case_000768,0,,,,,,,,,,,,,,,,,,,,,,,'F'
case_000776,0,,,,,,,,,,,,,,,,,,,,,,,'F'
case_000784,0,,,,,,,,,,,,,,,,,,,,,,,'F'
case_000792,0,,,,,,,,,,,,,,,,,,,,,,,'F'
case_000800,0,,,,,,,,,,,,,,,,,,,,,,,'F'
case_000808,0,,,,,,,,,,,,,,,,,,,,,,,'F'
case_000816,0,,,,,,,,,,,,,,,,,,,,,,,'F'
case_000824,0,,,,,,,,,,,,,,,,,,,,,,,'F'
case_000832,0,,,,,,,,,,,,,,,,,,,,,,,'F'
case_000840,0,,,,,,,,,,,,,,,,,,,,,,,'F'
case_000848,0,,,,,,,,,,,,,,,,,,,,,,,'F'
case_000856,0,,,,,,,,,,,,,,,,,,,,,,,'F'
case_000864,0,,,,,,,,,,,,,,,,,,,,,,,'F'
case_000872,0,,,,,,,,,,,,,,,,,,,,,,,'F'
case_000880,0,,,,,,,,,,,,,,,,,,,,,,,'F'
case_000888,0,,,,,,,,,,,,,,,,,,,,,,,'F'
case_000896,0,,,,,,,,,,,,,,,,,,,,,,,'F'
case_000904,0,,,,,,,,,,,,,,,,,,,,,,,'F'
case_000912,0,,,,,,,,,,,,,,,,,,,,,,,'F'
case_000920,0,,,,,,,,,,,,,,,,,,,,,,,'F'
case_000928,0,,,,,,,,,,,,,,,,,,,,,,,'F'
case_000936,0,,,,,,,,,,,,,,,,,,,,,,,'F'
case_000944,0,,,,,,,,,,,,,,,,,,,,,,,'F'
case_000952,0,,,,,,,,,,,,,,,,,,,,,,,'F'
case_000960,0,,,,,,,,,,,,,,,,,,,,,,,'F'
case_000968,0,,,,,,,,,,,,,,,,,,,,,,,'F'
case_000976,0,,,,,,,,,,,,,,,,,,,,,,,'F'
case_000984,0,,,,,,,,,,,,,,,,,,,,,,,'F'
case_000992,0,,,,,,,,,,,,,,,,,,,,,,,'F'
case_001000,0,,,,,,,,,,,,,,,,,,,,,,,'F'
case_001008,0,,,,,,,,,,,,,,,,,,,,,,,'F'
case_001016,0,,,,,,,,,,,,,,,,,,,,,,,'F'
case_001024,0,,,,,,,,,,,,,,,,,,,,,,,'F'
case_001032,0,,,,,,,,,,,,,,,,,,,,,,,'F'
case_001040,0,,,,,,,,,,,,,,,,,,,,,,,'F'
case_001048,0,,,,,,,,,,,,,,,,,,,,,,,'F'
case_001056,0,,,,,,,,,,,,,,,,,,,,,,,'F'
case_001064,0,,,,,,,,,,,,,,,,,,,,,,,'F'
case_001072,0,,,,,,,,,,,,,,,,,,,,,,,'F'
case_001080,0,,,,,,,,,,,,,,,,,,,,,,,'F'
case_001088,0,,,,,,,,,,,,,,,,,,,,,,,'F'
case_001096,0,,,,,,,,,,,,,,,,,,,,,,,'F'
case_001104,0,,,,,,,,,,,,,,,,,,,,,,,'F'
case_001112,0,,,,,,,,,,,,,,,,,,,,,,,'F'
case_001120,0,,,,,,,,,,,,,,,,,,,,,,,'F'
case_001128,0,,,,,,,,,,,,,,,,,,,,,,,'F'
case_001136,0,,,,,,,,,,,,,,,,,,,,,,,'F'
case_001144,0,,,,,,,,,,,,,,,,,,,,,,,'F'
case_001152,0,,,,,,,,,,,,,,,,,,,,,,,'F'
case_001160,0,,,,,,,,,,,,,,,,,,,,,,,'F'
case_001168,0,,,,,,,,,,,,,,,,,,,,,,,'F'
case_001176,0,,,,,,,,,,,,,,,,,,,,,,,'F'
case_001184,0,,,,,,,,,,,,,,,,,,,,,,,'F'
case_001192,0,,,,,,,,,,,,,,,,,,,,,,,'F'
case_001200,0,,,,,,,,,,,,,,,,,,,,,,,'F'
case_001208,0,,,,,,,,,,,,,,,,,,,,,,,'F'
case_001216,0,,,,,,,,,,,,,,,,,,,,,,,'F'
case_001224,0,,,,,,,,,,,,,,,,,,,,,,,'F'
case_001232,0,,,,,,,,,,,,,,,,,,,,,,,'F'
case_001240,0,,,,,,,,,,,,,,,,,,,,,,,'F'
case_001248,0,,,,,,,,,,,,,,,,,,,,,,,'F'
case_001256,0,,,,,,,,,,,,,,,,,,,,,,,'F'
case_001264,0,,,,,,,,,,,,,,,,,,,,,,,'F'
case_001272,0,,,,,,,,,,,,,,,,,,,,,,,'F'
case_001280,0,,,,,,,,,,,,,,,,,,,,,,,'F'
case_001288,0,,,,,,,,,,,,,,,,,,,,,,,'F'
case_001296,0,,,,,,,,,,,,,,,,,,,,,,,'F'
case_001304,0,,,,,,,,,,,,,,,,,,,,,,,'F'
case_001312,0,,,,,,,,,,,,,,,,,,,,,,,'F'
case_001320,0,,,,,,,,,,,,,,,,,,,,,,,'F'
case_001328,0,,,,,,,,,,,,,,,,,,,,,,,'F'
case_001336,0,,,,,,,,,,,,,,,,,,,,,,,'F'
case_001344,0,,,,,,,,,,,,,,,,,,,,,,,'F'
case_001352,0,,,,,,,,,,,,,,,,,,,,,,,'F'
case_001360,0,,,,,,,,,,,,,,,,,,,,,,,'F'
case_001368,0,,,,,,,,,,,,,,,,,,,,,,,'F'
case_001376,0,,,,,,,,,,,,,,,,,,,,,,,'F'
case_001384,0,,,,,,,,,,,,,,,,,,,,,,,'F'
case_001392,0,,,,,,,,,,,,,,,,,,,,,,,'F'
case_001400,0,,,,,,,,,,,,,,,,,,,,,,,'F'
case_001408,0,,,,,,,,,,,,,,,,,,,,,,,'F'
case_001416,0,,,,,,,,,,,,,,,,,,,,,,,'F'
case_001424,0,,,,,,,,,,,,,,,,,,,,,,,'F'
case_001432,0,,,,,,,,,,,,,,,,,,,,,,,'F'
case_001440,0,,,,,,,,,,,,,,,,,,,,,,,'F'
case_001448,0,,,,,,,,,,,,,,,,,,,,,,,'F'
case_001456,0,,,,,,,,,,,,,,,,,,,,,,,'F'
case_001464,0,,,,,,,,,,,,,,,,,,,,,,,'F'
case_001472,0,,,,,,,,,,,,,,,,,,,,,,,'F'
case_001480,0,,,,,,,,,,,,,,,,,,,,,,,'F'
case_001488,0,,,,,,,,,,,,,,,,,,,,,,,'F'
case_001496,0,,,,,,,,,,,,,,,,,,,,,,,'F'
case_001504,0,,,,,,,,,,,,,,,,,,,,,,,'F'
case_001512,0,,,,,,,,,,,,,,,,,,,,,,,'F'
case_001520,0,,,,,,,,,,,,,,,,,,,,,,,'F'
case_001528,0,,,,,,,,,,,,,,,,,,,,,,,'F'
case_001536,0,,,,,,,,,,,,,,,,,,,,,,,'F'
case_001544,0,,,,,,,,,,,,,,,,,,,,,,,'F'
case_001552,0,,,,,,,,,,,,,,,,,,,,,,,'F'
case_001560,0,,,,,,,,,,,,,,,,,,,,,,,'F'
case_001568,0,,,,,,,,,,,,,,,,,,,,,,,'F'
case_001576,0,,,,,,,,,,,,,,,,,,,,,,,'F'
case_001584,0,,,,,,,,,,,,,,,,,,,,,,,'F'
case_001592,0,,,,,,,,,,,,,,,,,,,,,,,'F'
case_001600,0,,,,,,,,,,,,,,,,,,,,,,,'F'
case_001608,0,,,,,,,,,,,,,,,,,,,,,,,'F'
case_001616,0,,,,,,,,,,,,,,,,,,,,,,,'F'
case_001624,0,,,,,,,,,,,,,,,,,,,,,,,'F'
case_001632,0,,,,,,,,,,,,,,,,,,,,,,,'F'
case_001640,0,,,,,,,,,,,,,,,,,,,,,,,'F'
case_001648,0,,,,,,,,,,,,,,,,,,,,,,,'F'
case_001656,0,,,,,,,,,,,,,,,,,,,,,,,'F'
case_001664,0,,,,,,,,,,,,,,,,,,,,,,,'F'
case_001672,0,,,,,,,,,,,,,,,,,,,,,,,'F'
case_001680,0,,,,,,,,,,,,,,,,,,,,,,,'F'
case_001688,0,,,,,,,,,,,,,,,,,,,,,,,'F'
case_001696,0,,,,,,,,,,,,,,,,,,,,,,,'F'
case_001704,0,,,,,,,,,,,,,,,,,,,,,,,'F'
case_001712,0,,,,,,,,,,,,,,,,,,,,,,,'F'
case_001720,0,,,,,,,,,,,,,,,,,,,,,,,'F'
case_001728,0,,,,,,,,,,,,,,,,,,,,,,,'F'
case_001736,0,,,,,,,,,,,,,,,,,,,,,,,'F'
case_001744,0,,,,,,,,,,,,,,,,,,,,,,,'F'
case_001752,0,,,,,,,,,,,,,,,,,,,,,,,'F'
case_001760,0,,,,,,,,,,,,,,,,,,,,,,,'F'
case_001768,0,,,,,,,,,,,,,,,,,,,,,,,'F'
case_001776,0,,,,,,,,,,,,,,,,,,,,,,,'F'
case_001784,0,,,,,,,,,,,,,,,,,,,,,,,'F'
case_001792,0,,,,,,,,,,,,,,,,,,,,,,,'F'
case_001800,0,,,,,,,,,,,,,,,,,,,,,,,'F'
case_001808,0,,,,,,,,,,,,,,,,,,,,,,,'F'
case_001816,0,,,,,,,,,,,,,,,,,,,,,,,'F'
case_001824,0,,,,,,,,,,,,,,,,,,,,,,,'F'
case_001832,0,,,,,,,,,,,,,,,,,,,,,,,'F'
case_001840,0,,,,,,,,,,,,,,,,,,,,,,,'F'
case_001848,0,,,,,,,,,,,,,,,,,,,,,,,'F'
case_001856,0,,,,,,,,,,,,,,,,,,,,,,,'F'
case_001864,0,,,,,,,,,,,,,,,,,,,,,,,'F'
case_001872,0,,,,,,,,,,,,,,,,,,,,,,,'F'
case_001880,0,,,,,,,,,,,,,,,,,,,,,,,'F'
case_001888,0,,,,,,,,,,,,,,,,,,,,,,,'F'
case_001896,0,,,,,,,,,,,,,,,,,,,,,,,'F'
case_001904,0,,,,,,,,,,,,,,,,,,,,,,,'F'
case_001912,0,,,,,,,,,,,,,,,,,,,,,,,'F'
case_001920,0,,,,,,,,,,,,,,,,,,,,,,,'F'
case_001928,0,,,,,,,,,,,,,,,,,,,,,,,'F'
case_001936,0,,,,,,,,,,,,,,,,,,,,,,,'F'
case_001944,0,,,,,,,,,,,,,,,,,,,,,,,'F'
case_001952,0,,,,,,,,,,,,,,,,,,,,,,,'F'
case_001960,0,,,,,,,,,,,,,,,,,,,,,,,'F'
case_001968,0,,,,,,,,,,,,,,,,,,,,,,,'F'
case_001976,0,,,,,,,,,,,,,,,,,,,,,,,'F'
case_001984,0,,,,,,,,,,,,,,,,,,,,,,,'F'
case_001992,0,,,,,,,,,,,,,,,,,,,,,,,'F'
case_002000,0,,,,,,,,,,,,,,,,,,,,,,,'F'
case_002008,0,,,,,,,,,,,,,,,,,,,,,,,'F'
case_002016,0,,,,,,,,,,,,,,,,,,,,,,,'F'
case_002024,0,,,,,,,,,,,,,,,,,,,,,,,'F'
case_002032,0,,,,,,,,,,,,,,,,,,,,,,,'F'
case_002040,0,,,,,,,,,,,,,,,,,,,,,,,'F'
case_002048,0,,,,,,,,,,,,,,,,,,,,,,,'F'
case_002056,0,,,,,,,,,,,,,,,,,,,,,,,'F'
case_002064,0,,,,,,,,,,,,,,,,,,,,,,,'F'
case_002072,0,,,,,,,,,,,,,,,,,,,,,,,'F'
case_002080,0,,,,,,,,,,,,,,,,,,,,,,,'F'
case_002088,0,,,,,,,,,,,,,,,,,,,,,,,'F'
case_002096,0,,,,,,,,,,,,,,,,,,,,,,,'F'
case_002104,0,,,,,,,,,,,,,,,,,,,,,,,'F'
case_002112,0,,,,,,,,,,,,,,,,,,,,,,,'F'
case_002120,0,,,,,,,,,,,,,,,,,,,,,,,'F'
case_002128,0,,,,,,,,,,,,,,,,,,,,,,,'F'
case_002136,0,,,,,,,,,,,,,,,,,,,,,,,'F'
case_002144,0,,,,,,,,,,,,,,,,,,,,,,,'F'
case_002152,0,,,,,,,,,,,,,,,,,,,,,,,'F'
case_002160,0,,,,,,,,,,,,,,,,,,,,,,,'F'
case_002168,0,,,,,,,,,,,,,,,,,,,,,,,'F'
case_002176,0,,,,,,,,,,,,,,,,,,,,,,,'F'
case_002184,0,,,,,,,,,,,,,,,,,,,,,,,'F'
case_002192,0,,,,,,,,,,,,,,,,,,,,,,,'F'
case_002200,0,,,,,,,,,,,,,,,,,,,,,,,'F'
case_002208,0,,,,,,,,,,,,,,,,,,,,,,,'F'
case_002216,0,,,,,,,,,,,,,,,,,,,,,,,'F'
case_002224,0,,,,,,,,,,,,,,,,,,,,,,,'F'
case_002232,0,,,,,,,,,,,,,,,,,,,,,,,'F'
case_002240,0,,,,,,,,,,,,,,,,,,,,,,,'F'
case_002248,0,,,,,,,,,,,,,,,,,,,,,,,'F'
case_002256,0,,,,,,,,,,,,,,,,,,,,,,,'F'
case_002264,0,,,,,,,,,,,,,,,,,,,,,,,'F'
case_002272,0,,,,,,,,,,,,,,,,,,,,,,,'F'
case_002280,0,,,,,,,,,,,,,,,,,,,,,,,'F'
case_002288,0,,,,,,,,,,,,,,,,,,,,,,,'F'
case_002296,0,,,,,,,,,,,,,,,,,,,,,,,'F'
case_002304,0,,,,,,,,,,,,,,,,,,,,,,,'F'
case_002312,0,,,,,,,,,,,,,,,,,,,,,,,'F'
case_002320,0,,,,,,,,,,,,,,,,,,,,,,,'F'
case_002328,0,,,,,,,,,,,,,,,,,,,,,,,'F'
case_002336,0,,,,,,,,,,,,,,,,,,,,,,,'F'
case_002344,0,,,,,,,,,,,,,,,,,,,,,,,'F'
case_002352,0,,,,,,,,,,,,,,,,,,,,,,,'F'
case_002360,0,,,,,,,,,,,,,,,,,,,,,,,'F'
case_002368,0,,,,,,,,,,,,,,,,,,,,,,,'F'
case_002376,0,,,,,,,,,,,,,,,,,,,,,,,'F'
case_002384,0,,,,,,,,,,,,,,,,,,,,,,,'F'
case_002392,0,,,,,,,,,,,,,,,,,,,,,,,'F'
case_002400,0,,,,,,,,,,,,,,,,,,,,,,,'F'
case_002408,0,,,,,,,,,,,,,,,,,,,,,,,'F'
case_002416,0,,,,,,,,,,,,,,,,,,,,,,,'F'
case_002424,0,,,,,,,,,,,,,,,,,,,,,,,'F'
case_002432,0,,,,,,,,,,,,,,,,,,,,,,,'F'
case_002440,0,,,,,,,,,,,,,,,,,,,,,,,'F'
case_002448,0,,,,,,,,,,,,,,,,,,,,,,,'F'
case_002456,0,,,,,,,,,,,,,,,,,,,,,,,'F'
case_002464,0,,,,,,,,,,,,,,,,,,,,,,,'F'
case_002472,0,,,,,,,,,,,,,,,,,,,,,,,'F'
case_002480,0,,,,,,,,,,,,,,,,,,,,,,,'F'
case_002488,0,,,,,,,,,,,,,,,,,,,,,,,'F'
case_002496,0,,,,,,,,,,,,,,,,,,,,,,,'F'
case_002504,0,,,,,,,,,,,,,,,,,,,,,,,'F'
case_002512,0,,,,,,,,,,,,,,,,,,,,,,,'F'
case_002520,0,,,,,,,,,,,,,,,,,,,,,,,'F'
case_002528,0,,,,,,,,,,,,,,,,,,,,,,,'F'
case_002536,0,,,,,,,,,,,,,,,,,,,,,,,'F'
case_002544,0,,,,,,,,,,,,,,,,,,,,,,,'F'
case_002552,0,,,,,,,,,,,,,,,,,,,,,,,'F'
case_002560,0,,,,,,,,,,,,,,,,,,,,,,,'F'
case_002568,0,,,,,,,,,,,,,,,,,,,,,,,'F'
case_002576,0,,,,,,,,,,,,,,,,,,,,,,,'F'
case_002584,0,,,,,,,,,,,,,,,,,,,,,,,'F'
case_002592,0,,,,,,,,,,,,,,,,,,,,,,,'F'
case_002600,0,,,,,,,,,,,,,,,,,,,,,,,'F'
case_002608,0,,,,,,,,,,,,,,,,,,,,,,,'F'
case_002616,0,,,,,,,,,,,,,,,,,,,,,,,'F'
case_002624,0,,,,,,,,,,,,,,,,,,,,,,,'F'
case_002632,0,,,,,,,,,,,,,,,,,,,,,,,'F'
case_002640,0,,,,,,,,,,,,,,,,,,,,,,,'F'
case_002648,0,,,,,,,,,,,,,,,,,,,,,,,'F'
case_002656,0,,,,,,,,,,,,,,,,,,,,,,,'F'
case_002664,0,,,,,,,,,,,,,,,,,,,,,,,'F'
case_002672,0,,,,,,,,,,,,,,,,,,,,,,,'F'
case_002680,0,,,,,,,,,,,,,,,,,,,,,,,'F'
case_002688,0,,,,,,,,,,,,,,,,,,,,,,,'F'
case_002696,0,,,,,,,,,,,,,,,,,,,,,,,'F'
case_002704,0,,,,,,,,,,,,,,,,,,,,,,,'F'
case_002712,0,,,,,,,,,,,,,,,,,,,,,,,'F'
case_002720,0,,,,,,,,,,,,,,,,,,,,,,,'F'
case_002728,0,,,,,,,,,,,,,,,,,,,,,,,'F'
case_002736,0,,,,,,,,,,,,,,,,,,,,,,,'F'
case_002744,0,,,,,,,,,,,,,,,,,,,,,,,'F'
case_002752,0,,,,,,,,,,,,,,,,,,,,,,,'F'
case_002760,0,,,,,,,,,,,,,,,,,,,,,,,'F'
case_002768,0,,,,,,,,,,,,,,,,,,,,,,,'F'
case_002776,0,,,,,,,,,,,,,,,,,,,,,,,'F'
case_002784,0,,,,,,,,,,,,,,,,,,,,,,,'F'
case_002792,0,,,,,,,,,,,,,,,,,,,,,,,'F'
case_002800,0,,,,,,,,,,,,,,,,,,,,,,,'F'
case_002808,0,,,,,,,,,,,,,,,,,,,,,,,'F'
case_002816,0,,,,,,,,,,,,,,,,,,,,,,,'F'
case_002824,0,,,,,,,,,,,,,,,,,,,,,,,'F'
case_002832,0,,,,,,,,,,,,,,,,,,,,,,,'F'
case_002840,0,,,,,,,,,,,,,,,,,,,,,,,'F'
case_002848,0,,,,,,,,,,,,,,,,,,,,,,,'F'
case_002856,0,,,,,,,,,,,,,,,,,,,,,,,'F'
case_002864,0,,,,,,,,,,,,,,,,,,,,,,,'F'
case_002872,0,,,,,,,,,,,,,,,,,,,,,,,'F'
case_002880,0,,,,,,,,,,,,,,,,,,,,,,,'F'
case_002888,0,,,,,,,,,,,,,,,,,,,,,,,'F'
case_002896,0,,,,,,,,,,,,,,,,,,,,,,,'F'
case_002904,0,,,,,,,,,,,,,,,,,,,,,,,'F'
case_002912,0,,,,,,,,,,,,,,,,,,,,,,,'F'
case_002920,0,,,,,,,,,,,,,,,,,,,,,,,'F'
case_002928,0,,,,,,,,,,,,,,,,,,,,,,,'F'
case_002936,0,,,,,,,,,,,,,,,,,,,,,,,'F'
case_002944,0,,,,,,,,,,,,,,,,,,,,,,,'F'
case_002952,0,,,,,,,,,,,,,,,,,,,,,,,'F'
case_002960,0,,,,,,,,,,,,,,,,,,,,,,,'F'
case_002968,0,,,,,,,,,,,,,,,,,,,,,,,'F'
case_002976,0,,,,,,,,,,,,,,,,,,,,,,,'F'
case_002984,0,,,,,,,,,,,,,,,,,,,,,,,'F'
case_002992,0,,,,,,,,,,,,,,,,,,,,,,,'F'
case_003000,0,,,,,,,,,,,,,,,,,,,,,,,'F'
case_003008,0,,,,,,,,,,,,,,,,,,,,,,,'F'
case_003016,0,,,,,,,,,,,,,,,,,,,,,,,'F'
case_003024,0,,,,,,,,,,,,,,,,,,,,,,,'F'
case_003032,0,,,,,,,,,,,,,,,,,,,,,,,'F'
case_003040,0,,,,,,,,,,,,,,,,,,,,,,,'F'
case_003048,0,,,,,,,,,,,,,,,,,,,,,,,'F'
case_003056,0,,,,,,,,,,,,,,,,,,,,,,,'F'
case_003064,0,,,,,,,,,,,,,,,,,,,,,,,'F'
case_003072,0,,,,,,,,,,,,,,,,,,,,,,,'F'
case_003080,0,,,,,,,,,,,,,,,,,,,,,,,'F'
case_003088,0,,,,,,,,,,,,,,,,,,,,,,,'F'
case_003096,0,,,,,,,,,,,,,,,,,,,,,,,'F'
case_003104,0,,,,,,,,,,,,,,,,,,,,,,,'F'
case_003112,0,,,,,,,,,,,,,,,,,,,,,,,'F'
case_003120,0,,,,,,,,,,,,,,,,,,,,,,,'F'
case_003128,0,,,,,,,,,,,,,,,,,,,,,,,'F'
case_003136,0,,,,,,,,,,,,,,,,,,,,,,,'F'
case_003144,0,,,,,,,,,,,,,,,,,,,,,,,'F'
case_003152,0,,,,,,,,,,,,,,,,,,,,,,,'F'
case_003160,0,,,,,,,,,,,,,,,,,,,,,,,'F'
case_003168,0,,,,,,,,,,,,,,,,,,,,,,,'F'
case_003176,0,,,,,,,,,,,,,,,,,,,,,,,'F'
case_003184,0,,,,,,,,,,,,,,,,,,,,,,,'F'
case_003192,0,,,,,,,,,,,,,,,,,,,,,,,'F'
case_003200,0,,,,,,,,,,,,,,,,,,,,,,,'F'
case_003208,0,,,,,,,,,,,,,,,,,,,,,,,'F'
case_003216,0,,,,,,,,,,,,,,,,,,,,,,,'F'
case_003224,0,,,,,,,,,,,,,,,,,,,,,,,'F'
case_003232,0,,,,,,,,,,,,,,,,,,,,,,,'F'
case_003240,0,,,,,,,,,,,,,,,,,,,,,,,'F'
case_003248,0,,,,,,,,,,,,,,,,,,,,,,,'F'
case_003256,0,,,,,,,,,,,,,,,,,,,,,,,'F'
case_003264,0,,,,,,,,,,,,,,,,,,,,,,,'F'
case_003272,0,,,,,,,,,,,,,,,,,,,,,,,'F'
case_003280,0,,,,,,,,,,,,,,,,,,,,,,,'F'
case_003288,0,,,,,,,,,,,,,,,,,,,,,,,'F'
case_003296,0,,,,,,,,,,,,,,,,,,,,,,,'F'
case_003304,0,,,,,,,,,,,,,,,,,,,,,,,'F'
case_003312,0,,,,,,,,,,,,,,,,,,,,,,,'F'
case_003320,0,,,,,,,,,,,,,,,,,,,,,,,'F'
case_003328,0,,,,,,,,,,,,,,,,,,,,,,,'F'
case_003336,0,,,,,,,,,,,,,,,,,,,,,,,'F'
case_003344,0,,,,,,,,,,,,,,,,,,,,,,,'F'
case_003352,0,,,,,,,,,,,,,,,,,,,,,,,'F'
case_003360,0,,,,,,,,,,,,,,,,,,,,,,,'F'
case_003368,0,,,,,,,,,,,,,,,,,,,,,,,'F'
case_003376,0,,,,,,,,,,,,,,,,,,,,,,,'F'
case_003384,0,,,,,,,,,,,,,,,,,,,,,,,'F'
case_003392,0,,,,,,,,,,,,,,,,,,,,,,,'F'
case_003400,0,,,,,,,,,,,,,,,,,,,,,,,'F'
case_003408,0,,,,,,,,,,,,,,,,,,,,,,,'F'
case_003416,0,,,,,,,,,,,,,,,,,,,,,,,'F'
case_003424,0,,,,,,,,,,,,,,,,,,,,,,,'F'
case_003432,0,,,,,,,,,,,,,,,,,,,,,,,'F'
case_003440,0,,,,,,,,,,,,,,,,,,,,,,,'F'
case_003448,0,,,,,,,,,,,,,,,,,,,,,,,'F'
case_003456,0,,,,,,,,,,,,,,,,,,,,,,,'F'
case_003464,0,,,,,,,,,,,,,,,,,,,,,,,'F'
case_003472,0,,,,,,,,,,,,,,,,,,,,,,,'F'
case_003480,0,,,,,,,,,,,,,,,,,,,,,,,'F'
case_003488,0,,,,,,,,,,,,,,,,,,,,,,,'F'
case_003496,0,,,,,,,,,,,,,,,,,,,,,,,'F'
case_003504,0,,,,,,,,,,,,,,,,,,,,,,,'F'
case_003512,0,,,,,,,,,,,,,,,,,,,,,,,'F'
case_003520,0,,,,,,,,,,,,,,,,,,,,,,,'F'
case_003528,0,,,,,,,,,,,,,,,,,,,,,,,'F'
case_003536,0,,,,,,,,,,,,,,,,,,,,,,,'F'
case_003544,0,,,,,,,,,,,,,,,,,,,,,,,'F'
case_003552,0,,,,,,,,,,,,,,,,,,,,,,,'F'
case_003560,0,,,,,,,,,,,,,,,,,,,,,,,'F'
case_003568,0,,,,,,,,,,,,,,,,,,,,,,,'F'
case_003576,0,,,,,,,,,,,,,,,,,,,,,,,'F'
case_003584,0,,,,,,,,,,,,,,,,,,,,,,,'F'
case_003592,0,,,,,,,,,,,,,,,,,,,,,,,'F'
case_003600,0,,,,,,,,,,,,,,,,,,,,,,,'F'
case_003608,0,,,,,,,,,,,,,,,,,,,,,,,'F'
case_003616,0,,,,,,,,,,,,,,,,,,,,,,,'F'
case_003624,0,,,,,,,,,,,,,,,,,,,,,,,'F'
case_003632,0,,,,,,,,,,,,,,,,,,,,,,,'F'
case_003640,0,,,,,,,,,,,,,,,,,,,,,,,'F'
case_003648,0,,,,,,,,,,,,,,,,,,,,,,,'F'
case_003656,0,,,,,,,,,,,,,,,,,,,,,,,'F'
case_003664,0,,,,,,,,,,,,,,,,,,,,,,,'F'
case_003672,0,,,,,,,,,,,,,,,,,,,,,,,'F'
case_003680,0,,,,,,,,,,,,,,,,,,,,,,,'F'
case_003688,0,,,,,,,,,,,,,,,,,,,,,,,'F'
case_003696,0,,,,,,,,,,,,,,,,,,,,,,,'F'
case_003704,0,,,,,,,,,,,,,,,,,,,,,,,'F'
case_003712,0,,,,,,,,,,,,,,,,,,,,,,,'F'
case_003720,0,,,,,,,,,,,,,,,,,,,,,,,'F'
case_003728,0,,,,,,,,,,,,,,,,,,,,,,,'F'
case_003736,0,,,,,,,,,,,,,,,,,,,,,,,'F'
case_003744,0,,,,,,,,,,,,,,,,,,,,,,,'F'
case_003752,0,,,,,,,,,,,,,,,,,,,,,,,'F'
case_003760,0,,,,,,,,,,,,,,,,,,,,,,,'F'
case_003768,0,,,,,,,,,,,,,,,,,,,,,,,'F'
case_003776,0,,,,,,,,,,,,,,,,,,,,,,,'F'
case_003784,0,,,,,,,,,,,,,,,,,,,,,,,'F'
case_003792,0,,,,,,,,,,,,,,,,,,,,,,,'F'
case_003800,0,,,,,,,,,,,,,,,,,,,,,,,'F'
case_003808,0,,,,,,,,,,,,,,,,,,,,,,,'F'
case_003816,0,,,,,,,,,,,,,,,,,,,,,,,'F'
case_003824,0,,,,,,,,,,,,,,,,,,,,,,,'F'
case_003832,0,,,,,,,,,,,,,,,,,,,,,,,'F'
case_003840,0,,,,,,,,,,,,,,,,,,,,,,,'F'
case_003848,0,,,,,,,,,,,,,,,,,,,,,,,'F'
case_003856,0,,,,,,,,,,,,,,,,,,,,,,,'F'
case_003864,0,,,,,,,,,,,,,,,,,,,,,,,'F'
case_003872,0,,,,,,,,,,,,,,,,,,,,,,,'F'
case_003880,0,,,,,,,,,,,,,,,,,,,,,,,'F'
case_003888,0,,,,,,,,,,,,,,,,,,,,,,,'F'
case_003896,0,,,,,,,,,,,,,,,,,,,,,,,'F'
case_003904,0,,,,,,,,,,,,,,,,,,,,,,,'F'
case_003912,0,,,,,,,,,,,,,,,,,,,,,,,'F'
case_003920,0,,,,,,,,,,,,,,,,,,,,,,,'F'
case_003928,0,,,,,,,,,,,,,,,,,,,,,,,'F'
case_003936,0,,,,,,,,,,,,,,,,,,,,,,,'F'
case_003944,0,,,,,,,,,,,,,,,,,,,,,,,'F'
case_003952,0,,,,,,,,,,,,,,,,,,,,,,,'F'
case_003960,0,,,,,,,,,,,,,,,,,,,,,,,'F'
case_003968,0,,,,,,,,,,,,,,,,,,,,,,,'F'
case_003976,0,,,,,,,,,,,,,,,,,,,,,,,'F'
case_003984,0,,,,,,,,,,,,,,,,,,,,,,,'F'
case_003992,0,,,,,,,,,,,,,,,,,,,,,,,'F'
case_004000,0,,,,,,,,,,,,,,,,,,,,,,,'F'
case_004008,0,,,,,,,,,,,,,,,,,,,,,,,'F'
case_004016,0,,,,,,,,,,,,,,,,,,,,,,,'F'
case_004024,0,,,,,,,,,,,,,,,,,,,,,,,'F'
case_004032,0,,,,,,,,,,,,,,,,,,,,,,,'F'
case_004040,0,,,,,,,,,,,,,,,,,,,,,,,'F'
case_004048,0,,,,,,,,,,,,,,,,,,,,,,,'F'
case_004056,0,,,,,,,,,,,,,,,,,,,,,,,'F'
case_004064,0,,,,,,,,,,,,,,,,,,,,,,,'F'
case_004072,0,,,,,,,,,,,,,,,,,,,,,,,'F'
case_004080,0,,,,,,,,,,,,,,,,,,,,,,,'F'
case_004088,0,,,,,,,,,,,,,,,,,,,,,,,'F'
case_004096,0,,,,,,,,,,,,,,,,,,,,,,,'F'
case_004104,0,,,,,,,,,,,,,,,,,,,,,,,'F'
case_004112,0,,,,,,,,,,,,,,,,,,,,,,,'F'
case_004120,0,,,,,,,,,,,,,,,,,,,,,,,'F'
case_004128,0,,,,,,,,,,,,,,,,,,,,,,,'F'
case_004136,0,,,,,,,,,,,,,,,,,,,,,,,'F'
case_004144,0,,,,,,,,,,,,,,,,,,,,,,,'F'
case_004152,0,,,,,,,,,,,,,,,,,,,,,,,'F'
case_004160,0,,,,,,,,,,,,,,,,,,,,,,,'F'
case_004168,0,,,,,,,,,,,,,,,,,,,,,,,'F'
case_004176,0,,,,,,,,,,,,,,,,,,,,,,,'F'
case_004184,0,,,,,,,,,,,,,,,,,,,,,,,'F'
case_004192,0,,,,,,,,,,,,,,,,,,,,,,,'F'
case_004200,0,,,,,,,,,,,,,,,,,,,,,,,'F'
case_004208,0,,,,,,,,,,,,,,,,,,,,,,,'F'
case_004216,0,,,,,,,,,,,,,,,,,,,,,,,'F'
case_004224,0,,,,,,,,,,,,,,,,,,,,,,,'F'
case_004232,0,,,,,,,,,,,,,,,,,,,,,,,'F'
case_004240,0,,,,,,,,,,,,,,,,,,,,,,,'F'
case_004248,0,,,,,,,,,,,,,,,,,,,,,,,'F'
case_004256,0,,,,,,,,,,,,,,,,,,,,,,,'F'
case_004264,0,,,,,,,,,,,,,,,,,,,,,,,'F'
case_004272,0,,,,,,,,,,,,,,,,,,,,,,,'F'
case_004280,0,,,,,,,,,,,,,,,,,,,,,,,'F'
case_004288,0,,,,,,,,,,,,,,,,,,,,,,,'F'
case_004296,0,,,,,,,,,,,,,,,,,,,,,,,'F'
case_004304,0,,,,,,,,,,,,,,,,,,,,,,,'F'
case_004312,0,,,,,,,,,,,,,,,,,,,,,,,'F'
case_004320,0,,,,,,,,,,,,,,,,,,,,,,,'F'
case_004328,0,,,,,,,,,,,,,,,,,,,,,,,'F'
case_004336,0,,,,,,,,,,,,,,,,,,,,,,,'F'
case_004344,0,,,,,,,,,,,,,,,,,,,,,,,'F'
case_004352,0,,,,,,,,,,,,,,,,,,,,,,,'F'
case_004360,0,,,,,,,,,,,,,,,,,,,,,,,'F'
case_004368,0,,,,,,,,,,,,,,,,,,,,,,,'F'
case_004376,0,,,,,,,,,,,,,,,,,,,,,,,'F'
case_004384,0,,,,,,,,,,,,,,,,,,,,,,,'F'
case_004392,0,,,,,,,,,,,,,,,,,,,,,,,'F'
case_004400,0,,,,,,,,,,,,,,,,,,,,,,,'F'
case_004408,0,,,,,,,,,,,,,,,,,,,,,,,'F'
case_004416,0,,,,,,,,,,,,,,,,,,,,,,,'F'
case_004424,0,,,,,,,,,,,,,,,,,,,,,,,'F'
case_004432,0,,,,,,,,,,,,,,,,,,,,,,,'F'
case_004440,0,,,,,,,,,,,,,,,,,,,,,,,'F'
case_004448,0,,,,,,,,,,,,,,,,,,,,,,,'F'
case_004456,0,,,,,,,,,,,,,,,,,,,,,,,'F'
case_004464,0,,,,,,,,,,,,,,,,,,,,,,,'F'
case_004472,0,,,,,,,,,,,,,,,,,,,,,,,'F'
case_004480,0,,,,,,,,,,,,,,,,,,,,,,,'F'
case_004488,0,,,,,,,,,,,,,,,,,,,,,,,'F'
case_004496,0,,,,,,,,,,,,,,,,,,,,,,,'F'
case_004504,0,,,,,,,,,,,,,,,,,,,,,,,'F'
case_004512,0,,,,,,,,,,,,,,,,,,,,,,,'F'
case_004520,0,,,,,,,,,,,,,,,,,,,,,,,'F'
case_004528,0,,,,,,,,,,,,,,,,,,,,,,,'F'
case_004536,0,,,,,,,,,,,,,,,,,,,,,,,'F'
case_004544,0,,,,,,,,,,,,,,,,,,,,,,,'F'
case_004552,0,,,,,,,,,,,,,,,,,,,,,,,'F'
case_004560,0,,,,,,,,,,,,,,,,,,,,,,,'F'
case_004568,0,,,,,,,,,,,,,,,,,,,,,,,'F'
case_004576,0,,,,,,,,,,,,,,,,,,,,,,,'F'
case_004584,0,,,,,,,,,,,,,,,,,,,,,,,'F'
case_004592,0,,,,,,,,,,,,,,,,,,,,,,,'F'
case_004600,0,,,,,,,,,,,,,,,,,,,,,,,'F'
case_004608,0,,,,,,,,,,,,,,,,,,,,,,,'F'
case_004616,0,,,,,,,,,,,,,,,,,,,,,,,'F'
case_004624,0,,,,,,,,,,,,,,,,,,,,,,,'F'
case_004632,0,,,,,,,,,,,,,,,,,,,,,,,'F'
case_004640,0,,,,,,,,,,,,,,,,,,,,,,,'F'
case_004648,0,,,,,,,,,,,,,,,,,,,,,,,'F'
case_004656,0,,,,,,,,,,,,,,,,,,,,,,,'F'
case_004664,0,,,,,,,,,,,,,,,,,,,,,,,'F'
case_004672,0,,,,,,,,,,,,,,,,,,,,,,,'F'
case_004680,0,,,,,,,,,,,,,,,,,,,,,,,'F'
case_004688,0,,,,,,,,,,,,,,,,,,,,,,,'F'
case_004696,0,,,,,,,,,,,,,,,,,,,,,,,'F'
case_004704,0,,,,,,,,,,,,,,,,,,,,,,,'F'
case_004712,0,,,,,,,,,,,,,,,,,,,,,,,'F'
case_004720,0,,,,,,,,,,,,,,,,,,,,,,,'F'
case_004728,0,,,,,,,,,,,,,,,,,,,,,,,'F'
case_004736,0,,,,,,,,,,,,,,,,,,,,,,,'F'
case_004744,0,,,,,,,,,,,,,,,,,,,,,,,'F'
case_004752,0,,,,,,,,,,,,,,,,,,,,,,,'F'
case_004760,0,,,,,,,,,,,,,,,,,,,,,,,'F'
case_004768,0,,,,,,,,,,,,,,,,,,,,,,,'F'
case_004776,0,,,,,,,,,,,,,,,,,,,,,,,'F'
case_004784,0,,,,,,,,,,,,,,,,,,,,,,,'F'
case_004792,0,,,,,,,,,,,,,,,,,,,,,,,'F'
case_004800,0,,,,,,,,,,,,,,,,,,,,,,,'F'
case_004808,0,,,,,,,,,,,,,,,,,,,,,,,'F'
case_004816,0,,,,,,,,,,,,,,,,,,,,,,,'F'
case_004824,0,,,,,,,,,,,,,,,,,,,,,,,'F'
case_004832,0,,,,,,,,,,,,,,,,,,,,,,,'F'
case_004840,0,,,,,,,,,,,,,,,,,,,,,,,'F'
case_004848,0,,,,,,,,,,,,,,,,,,,,,,,'F'
case_004856,0,,,,,,,,,,,,,,,,,,,,,,,'F'
case_004864,0,,,,,,,,,,,,,,,,,,,,,,,'F'
case_004872,0,,,,,,,,,,,,,,,,,,,,,,,'F'
case_004880,0,,,,,,,,,,,,,,,,,,,,,,,'F'
case_004888,0,,,,,,,,,,,,,,,,,,,,,,,'F'
case_004896,0,,,,,,,,,,,,,,,,,,,,,,,'F'
case_004904,0,,,,,,,,,,,,,,,,,,,,,,,'F'
case_004912,0,,,,,,,,,,,,,,,,,,,,,,,'F'
case_004920,0,,,,,,,,,,,,,,,,,,,,,,,'F'
case_004928,0,,,,,,,,,,,,,,,,,,,,,,,'F'
case_004936,0,,,,,,,,,,,,,,,,,,,,,,,'F'
case_004944,0,,,,,,,,,,,,,,,,,,,,,,,'F'
case_004952,0,,,,,,,,,,,,,,,,,,,,,,,'F'
case_004960,0,,,,,,,,,,,,,,,,,,,,,,,'F'
case_004968,0,,,,,,,,,,,,,,,,,,,,,,,'F'
case_004976,0,,,,,,,,,,,,,,,,,,,,,,,'F'
case_004984,0,,,,,,,,,,,,,,,,,,,,,,,'F'
case_004992,0,,,,,,,,,,,,,,,,,,,,,,,'F'
case_005000,0,,,,,,,,,,,,,,,,,,,,,,,'F'
case_005008,0,,,,,,,,,,,,,,,,,,,,,,,'F'
case_005016,0,,,,,,,,,,,,,,,,,,,,,,,'F'
case_005024,0,,,,,,,,,,,,,,,,,,,,,,,'F'
case_005032,0,,,,,,,,,,,,,,,,,,,,,,,'F'
case_005040,0,,,,,,,,,,,,,,,,,,,,,,,'F'
case_005048,0,,,,,,,,,,,,,,,,,,,,,,,'F'
case_005056,0,,,,,,,,,,,,,,,,,,,,,,,'F'
case_005064,0,,,,,,,,,,,,,,,,,,,,,,,'F'
case_005072,0,,,,,,,,,,,,,,,,,,,,,,,'F'
case_005080,0,,,,,,,,,,,,,,,,,,,,,,,'F'
case_005088,0,,,,,,,,,,,,,,,,,,,,,,,'F'
case_005096,0,,,,,,,,,,,,,,,,,,,,,,,'F'
case_005104,0,,,,,,,,,,,,,,,,,,,,,,,'F'
case_005112,0,,,,,,,,,,,,,,,,,,,,,,,'F'
case_005120,0,,,,,,,,,,,,,,,,,,,,,,,'F'
case_005128,0,,,,,,,,,,,,,,,,,,,,,,,'F'
case_005136,0,,,,,,,,,,,,,,,,,,,,,,,'F'
case_005144,0,,,,,,,,,,,,,,,,,,,,,,,'F'
case_005152,0,,,,,,,,,,,,,,,,,,,,,,,'F'
case_005160,0,,,,,,,,,,,,,,,,,,,,,,,'F'
case_005168,0,,,,,,,,,,,,,,,,,,,,,,,'F'
case_005176,0,,,,,,,,,,,,,,,,,,,,,,,'F'
case_005184,0,,,,,,,,,,,,,,,,,,,,,,,'F'
case_005192,0,,,,,,,,,,,,,,,,,,,,,,,'F'
case_005200,0,,,,,,,,,,,,,,,,,,,,,,,'F'
case_005208,0,,,,,,,,,,,,,,,,,,,,,,,'F'
case_005216,0,,,,,,,,,,,,,,,,,,,,,,,'F'
case_005224,0,,,,,,,,,,,,,,,,,,,,,,,'F'
case_005232,0,,,,,,,,,,,,,,,,,,,,,,,'F'
case_005240,0,,,,,,,,,,,,,,,,,,,,,,,'F'
case_005248,0,,,,,,,,,,,,,,,,,,,,,,,'F'
case_005256,0,,,,,,,,,,,,,,,,,,,,,,,'F'
case_005264,0,,,,,,,,,,,,,,,,,,,,,,,'F'
case_005272,0,,,,,,,,,,,,,,,,,,,,,,,'F'
case_005280,0,,,,,,,,,,,,,,,,,,,,,,,'F'
case_005288,0,,,,,,,,,,,,,,,,,,,,,,,'F'
case_005296,0,,,,,,,,,,,,,,,,,,,,,,,'F'
case_005304,0,,,,,,,,,,,,,,,,,,,,,,,'F'
case_005312,0,,,,,,,,,,,,,,,,,,,,,,,'F'
case_005320,0,,,,,,,,,,,,,,,,,,,,,,,'F'
case_005328,0,,,,,,,,,,,,,,,,,,,,,,,'F'
case_005336,0,,,,,,,,,,,,,,,,,,,,,,,'F'
case_005344,0,,,,,,,,,,,,,,,,,,,,,,,'F'
case_005352,0,,,,,,,,,,,,,,,,,,,,,,,'F'
case_005360,0,,,,,,,,,,,,,,,,,,,,,,,'F'
case_005368,0,,,,,,,,,,,,,,,,,,,,,,,'F'
case_005376,0,,,,,,,,,,,,,,,,,,,,,,,'F'
case_005384,0,,,,,,,,,,,,,,,,,,,,,,,'F'
case_005392,0,,,,,,,,,,,,,,,,,,,,,,,'F'
case_005400,0,,,,,,,,,,,,,,,,,,,,,,,'F'
case_005408,0,,,,,,,,,,,,,,,,,,,,,,,'F'
case_005416,0,,,,,,,,,,,,,,,,,,,,,,,'F'
case_005424,0,,,,,,,,,,,,,,,,,,,,,,,'F'
case_005432,0,,,,,,,,,,,,,,,,,,,,,,,'F'
case_005440,0,,,,,,,,,,,,,,,,,,,,,,,'F'
case_005448,0,,,,,,,,,,,,,,,,,,,,,,,'F'
case_005456,0,,,,,,,,,,,,,,,,,,,,,,,'F'
case_005464,0,,,,,,,,,,,,,,,,,,,,,,,'F'
case_005472,0,,,,,,,,,,,,,,,,,,,,,,,'F'
case_005480,0,,,,,,,,,,,,,,,,,,,,,,,'F'
case_005488,0,,,,,,,,,,,,,,,,,,,,,,,'F'
case_005496,0,,,,,,,,,,,,,,,,,,,,,,,'F'
case_005504,0,,,,,,,,,,,,,,,,,,,,,,,'F'
case_005512,0,,,,,,,,,,,,,,,,,,,,,,,'F'
case_005520,0,,,,,,,,,,,,,,,,,,,,,,,'F'
case_005528,0,,,,,,,,,,,,,,,,,,,,,,,'F'
case_005536,0,,,,,,,,,,,,,,,,,,,,,,,'F'
case_005544,0,,,,,,,,,,,,,,,,,,,,,,,'F'
case_005552,0,,,,,,,,,,,,,,,,,,,,,,,'F'
case_005560,0,,,,,,,,,,,,,,,,,,,,,,,'F'
case_005568,0,,,,,,,,,,,,,,,,,,,,,,,'F'
case_005576,0,,,,,,,,,,,,,,,,,,,,,,,'F'
case_005584,0,,,,,,,,,,,,,,,,,,,,,,,'F'
case_005592,0,,,,,,,,,,,,,,,,,,,,,,,'F'
case_005600,0,,,,,,,,,,,,,,,,,,,,,,,'F'
case_005608,0,,,,,,,,,,,,,,,,,,,,,,,'F'
case_005616,0,,,,,,,,,,,,,,,,,,,,,,,'F'
case_005624,0,,,,,,,,,,,,,,,,,,,,,,,'F'
case_005632,0,,,,,,,,,,,,,,,,,,,,,,,'F'
case_005640,0,,,,,,,,,,,,,,,,,,,,,,,'F'
case_005648,0,,,,,,,,,,,,,,,,,,,,,,,'F'
case_005656,0,,,,,,,,,,,,,,,,,,,,,,,'F'
case_005664,0,,,,,,,,,,,,,,,,,,,,,,,'F'
case_005672,0,,,,,,,,,,,,,,,,,,,,,,,'F'
case_005680,0,,,,,,,,,,,,,,,,,,,,,,,'F'
case_005688,0,,,,,,,,,,,,,,,,,,,,,,,'F'
case_005696,0,,,,,,,,,,,,,,,,,,,,,,,'F'
case_005704,0,,,,,,,,,,,,,,,,,,,,,,,'F'
case_005712,0,,,,,,,,,,,,,,,,,,,,,,,'F'
case_005720,0,,,,,,,,,,,,,,,,,,,,,,,'F'
case_005728,0,,,,,,,,,,,,,,,,,,,,,,,'F'
case_005736,0,,,,,,,,,,,,,,,,,,,,,,,'F'
case_005744,0,,,,,,,,,,,,,,,,,,,,,,,'F'
case_005752,0,,,,,,,,,,,,,,,,,,,,,,,'F'
case_005760,0,,,,,,,,,,,,,,,,,,,,,,,'F'
case_005768,0,,,,,,,,,,,,,,,,,,,,,,,'F'
case_005776,0,,,,,,,,,,,,,,,,,,,,,,,'F'
case_005784,0,,,,,,,,,,,,,,,,,,,,,,,'F'
case_005792,0,,,,,,,,,,,,,,,,,,,,,,,'F'
case_005800,0,,,,,,,,,,,,,,,,,,,,,,,'F'
case_005808,0,,,,,,,,,,,,,,,,,,,,,,,'F'
case_005816,0,,,,,,,,,,,,,,,,,,,,,,,'F'
case_005824,0,,,,,,,,,,,,,,,,,,,,,,,'F'
case_005832,0,,,,,,,,,,,,,,,,,,,,,,,'F'
case_005840,0,,,,,,,,,,,,,,,,,,,,,,,'F'
case_005848,0,,,,,,,,,,,,,,,,,,,,,,,'F'
case_005856,0,,,,,,,,,,,,,,,,,,,,,,,'F'
case_005864,0,,,,,,,,,,,,,,,,,,,,,,,'F'
case_005872,0,,,,,,,,,,,,,,,,,,,,,,,'F'
case_005880,0,,,,,,,,,,,,,,,,,,,,,,,'F'
case_005888,0,,,,,,,,,,,,,,,,,,,,,,,'F'
case_005896,0,,,,,,,,,,,,,,,,,,,,,,,'F'
case_005904,0,,,,,,,,,,,,,,,,,,,,,,,'F'
case_005912,0,,,,,,,,,,,,,,,,,,,,,,,'F'
case_005920,0,,,,,,,,,,,,,,,,,,,,,,,'F'
case_005928,0,,,,,,,,,,,,,,,,,,,,,,,'F'
case_005936,0,,,,,,,,,,,,,,,,,,,,,,,'F'
case_005944,0,,,,,,,,,,,,,,,,,,,,,,,'F'
case_005952,0,,,,,,,,,,,,,,,,,,,,,,,'F'
case_005960,0,,,,,,,,,,,,,,,,,,,,,,,'F'
case_005968,0,,,,,,,,,,,,,,,,,,,,,,,'F'
case_005976,0,,,,,,,,,,,,,,,,,,,,,,,'F'
case_005984,0,,,,,,,,,,,,,,,,,,,,,,,'F'
case_005992,0,,,,,,,,,,,,,,,,,,,,,,,'F'
case_006000,0,,,,,,,,,,,,,,,,,,,,,,,'F'
case_006008,0,,,,,,,,,,,,,,,,,,,,,,,'F'
case_006016,0,,,,,,,,,,,,,,,,,,,,,,,'F'
case_006024,0,,,,,,,,,,,,,,,,,,,,,,,'F'
case_006032,0,,,,,,,,,,,,,,,,,,,,,,,'F'
case_006040,0,,,,,,,,,,,,,,,,,,,,,,,'F'
case_006048,0,,,,,,,,,,,,,,,,,,,,,,,'F'
case_006056,0,,,,,,,,,,,,,,,,,,,,,,,'F'
case_006064,0,,,,,,,,,,,,,,,,,,,,,,,'F'
case_006072,0,,,,,,,,,,,,,,,,,,,,,,,'F'
case_006080,0,,,,,,,,,,,,,,,,,,,,,,,'F'
case_006088,0,,,,,,,,,,,,,,,,,,,,,,,'F'
case_006096,0,,,,,,,,,,,,,,,,,,,,,,,'F'
case_006104,0,,,,,,,,,,,,,,,,,,,,,,,'F'
case_006112,0,,,,,,,,,,,,,,,,,,,,,,,'F'
case_006120,0,,,,,,,,,,,,,,,,,,,,,,,'F'
case_006128,0,,,,,,,,,,,,,,,,,,,,,,,'F'
case_006136,0,,,,,,,,,,,,,,,,,,,,,,,'F'
case_006144,0,,,,,,,,,,,,,,,,,,,,,,,'F'
case_006152,0,,,,,,,,,,,,,,,,,,,,,,,'F'
case_006160,0,,,,,,,,,,,,,,,,,,,,,,,'F'
case_006168,0,,,,,,,,,,,,,,,,,,,,,,,'F'
case_006176,0,,,,,,,,,,,,,,,,,,,,,,,'F'
case_006184,0,,,,,,,,,,,,,,,,,,,,,,,'F'
case_006192,0,,,,,,,,,,,,,,,,,,,,,,,'F'
case_006200,0,,,,,,,,,,,,,,,,,,,,,,,'F'
case_006208,0,,,,,,,,,,,,,,,,,,,,,,,'F'
case_006216,0,,,,,,,,,,,,,,,,,,,,,,,'F'
case_006224,0,,,,,,,,,,,,,,,,,,,,,,,'F'
case_006232,0,,,,,,,,,,,,,,,,,,,,,,,'F'
case_006240,0,,,,,,,,,,,,,,,,,,,,,,,'F'
case_006248,0,,,,,,,,,,,,,,,,,,,,,,,'F'
case_006256,0,,,,,,,,,,,,,,,,,,,,,,,'F'
case_006264,0,,,,,,,,,,,,,,,,,,,,,,,'F'
case_006272,0,,,,,,,,,,,,,,,,,,,,,,,'F'
case_006280,0,,,,,,,,,,,,,,,,,,,,,,,'F'
case_006288,0,,,,,,,,,,,,,,,,,,,,,,,'F'
case_006296,0,,,,,,,,,,,,,,,,,,,,,,,'F'
case_006304,0,,,,,,,,,,,,,,,,,,,,,,,'F'
case_006312,0,,,,,,,,,,,,,,,,,,,,,,,'F'
case_006320,0,,,,,,,,,,,,,,,,,,,,,,,'F'
case_006328,0,,,,,,,,,,,,,,,,,,,,,,,'F'
case_006336,0,,,,,,,,,,,,,,,,,,,,,,,'F'
case_006344,0,,,,,,,,,,,,,,,,,,,,,,,'F'
case_006352,0,,,,,,,,,,,,,,,,,,,,,,,'F'
case_006360,0,,,,,,,,,,,,,,,,,,,,,,,'F'
case_006368,0,,,,,,,,,,,,,,,,,,,,,,,'F'
case_006376,0,,,,,,,,,,,,,,,,,,,,,,,'F'
case_006384,0,,,,,,,,,,,,,,,,,,,,,,,'F'
case_006392,0,,,,,,,,,,,,,,,,,,,,,,,'F'
case_006400,0,,,,,,,,,,,,,,,,,,,,,,,'F'
case_006408,0,,,,,,,,,,,,,,,,,,,,,,,'F'
case_006416,0,,,,,,,,,,,,,,,,,,,,,,,'F'
case_006424,0,,,,,,,,,,,,,,,,,,,,,,,'F'
case_006432,0,,,,,,,,,,,,,,,,,,,,,,,'F'
case_006440,0,,,,,,,,,,,,,,,,,,,,,,,'F'
case_006448,0,,,,,,,,,,,,,,,,,,,,,,,'F'
case_006456,0,,,,,,,,,,,,,,,,,,,,,,,'F'
case_006464,0,,,,,,,,,,,,,,,,,,,,,,,'F'
case_006472,0,,,,,,,,,,,,,,,,,,,,,,,'F'
case_006480,0,,,,,,,,,,,,,,,,,,,,,,,'F'
case_006488,0,,,,,,,,,,,,,,,,,,,,,,,'F'
case_006496,0,,,,,,,,,,,,,,,,,,,,,,,'F'
case_006504,0,,,,,,,,,,,,,,,,,,,,,,,'F'
case_006512,0,,,,,,,,,,,,,,,,,,,,,,,'F'
case_006520,0,,,,,,,,,,,,,,,,,,,,,,,'F'
case_006528,0,,,,,,,,,,,,,,,,,,,,,,,'F'
case_006536,0,,,,,,,,,,,,,,,,,,,,,,,'F'
case_006544,0,,,,,,,,,,,,,,,,,,,,,,,'F'
case_006552,0,,,,,,,,,,,,,,,,,,,,,,,'F'
case_006560,0,,,,,,,,,,,,,,,,,,,,,,,'F'
case_006568,0,,,,,,,,,,,,,,,,,,,,,,,'F'
case_006576,0,,,,,,,,,,,,,,,,,,,,,,,'F'
case_006584,0,,,,,,,,,,,,,,,,,,,,,,,'F'
case_006592,0,,,,,,,,,,,,,,,,,,,,,,,'F'
case_006600,0,,,,,,,,,,,,,,,,,,,,,,,'F'
case_006608,0,,,,,,,,,,,,,,,,,,,,,,,'F'
case_006616,0,,,,,,,,,,,,,,,,,,,,,,,'F'
case_006624,0,,,,,,,,,,,,,,,,,,,,,,,'F'
case_006632,0,,,,,,,,,,,,,,,,,,,,,,,'F'
case_006640,0,,,,,,,,,,,,,,,,,,,,,,,'F'
case_006648,0,,,,,,,,,,,,,,,,,,,,,,,'F'
case_006656,0,,,,,,,,,,,,,,,,,,,,,,,'F'
case_006664,0,,,,,,,,,,,,,,,,,,,,,,,'F'
case_006672,0,,,,,,,,,,,,,,,,,,,,,,,'F'
case_006680,0,,,,,,,,,,,,,,,,,,,,,,,'F'
case_006688,0,,,,,,,,,,,,,,,,,,,,,,,'F'
case_006696,0,,,,,,,,,,,,,,,,,,,,,,,'F'
case_006704,0,,,,,,,,,,,,,,,,,,,,,,,'F'
case_006712,0,,,,,,,,,,,,,,,,,,,,,,,'F'
case_006720,0,,,,,,,,,,,,,,,,,,,,,,,'F'
case_006728,0,,,,,,,,,,,,,,,,,,,,,,,'F'
case_006736,0,,,,,,,,,,,,,,,,,,,,,,,'F'
case_006744,0,,,,,,,,,,,,,,,,,,,,,,,'F'
case_006752,0,,,,,,,,,,,,,,,,,,,,,,,'F'
case_006760,0,,,,,,,,,,,,,,,,,,,,,,,'F'
case_006768,0,,,,,,,,,,,,,,,,,,,,,,,'F'
case_006776,0,,,,,,,,,,,,,,,,,,,,,,,'F'
case_006784,0,,,,,,,,,,,,,,,,,,,,,,,'F'
case_006792,0,,,,,,,,,,,,,,,,,,,,,,,'F'
case_006800,0,,,,,,,,,,,,,,,,,,,,,,,'F'
case_006808,0,,,,,,,,,,,,,,,,,,,,,,,'F'
case_006816,0,,,,,,,,,,,,,,,,,,,,,,,'F'
case_006824,0,,,,,,,,,,,,,,,,,,,,,,,'F'
case_006832,0,,,,,,,,,,,,,,,,,,,,,,,'F'
case_006840,0,,,,,,,,,,,,,,,,,,,,,,,'F'
case_006848,0,,,,,,,,,,,,,,,,,,,,,,,'F'
case_006856,0,,,,,,,,,,,,,,,,,,,,,,,'F'
case_006864,0,,,,,,,,,,,,,,,,,,,,,,,'F'
case_006872,0,,,,,,,,,,,,,,,,,,,,,,,'F'
case_006880,0,,,,,,,,,,,,,,,,,,,,,,,'F'
case_006888,0,,,,,,,,,,,,,,,,,,,,,,,'F'
case_006896,0,,,,,,,,,,,,,,,,,,,,,,,'F'
case_006904,0,,,,,,,,,,,,,,,,,,,,,,,'F'
case_006912,0,,,,,,,,,,,,,,,,,,,,,,,'F'
case_006920,0,,,,,,,,,,,,,,,,,,,,,,,'F'
case_006928,0,,,,,,,,,,,,,,,,,,,,,,,'F'
case_006936,0,,,,,,,,,,,,,,,,,,,,,,,'F'
case_006944,0,,,,,,,,,,,,,,,,,,,,,,,'F'
case_006952,0,,,,,,,,,,,,,,,,,,,,,,,'F'
case_006960,0,,,,,,,,,,,,,,,,,,,,,,,'F'
case_006968,0,,,,,,,,,,,,,,,,,,,,,,,'F'
case_006976,0,,,,,,,,,,,,,,,,,,,,,,,'F'
case_006984,0,,,,,,,,,,,,,,,,,,,,,,,'F'
case_006992,0,,,,,,,,,,,,,,,,,,,,,,,'F'
case_007000,0,,,,,,,,,,,,,,,,,,,,,,,'F'
case_007008,0,,,,,,,,,,,,,,,,,,,,,,,'F'
case_007016,0,,,,,,,,,,,,,,,,,,,,,,,'F'
case_007024,0,,,,,,,,,,,,,,,,,,,,,,,'F'
case_007032,0,,,,,,,,,,,,,,,,,,,,,,,'F'
case_007040,0,,,,,,,,,,,,,,,,,,,,,,,'F'
case_007048,0,,,,,,,,,,,,,,,,,,,,,,,'F'
case_007056,0,,,,,,,,,,,,,,,,,,,,,,,'F'
case_007064,0,,,,,,,,,,,,,,,,,,,,,,,'F'
case_007072,0,,,,,,,,,,,,,,,,,,,,,,,'F'
case_007080,0,,,,,,,,,,,,,,,,,,,,,,,'F'
case_007088,0,,,,,,,,,,,,,,,,,,,,,,,'F'
case_007096,0,,,,,,,,,,,,,,,,,,,,,,,'F'
case_007104,0,,,,,,,,,,,,,,,,,,,,,,,'F'
case_007112,0,,,,,,,,,,,,,,,,,,,,,,,'F'
case_007120,0,,,,,,,,,,,,,,,,,,,,,,,'F'
case_007128,0,,,,,,,,,,,,,,,,,,,,,,,'F'
case_007136,0,,,,,,,,,,,,,,,,,,,,,,,'F'
case_007144,0,,,,,,,,,,,,,,,,,,,,,,,'F'
